date,home_team,away_team,home_goals,away_goals,result
2022-08-05,Crystal Palace,Arsenal,0,2,2
2022-08-06,Fulham,Liverpool,2,2,0
2022-08-06,Bournemouth,Aston Villa,2,0,1
2022-08-06,Leeds,Wolves,2,1,1
2022-08-06,Newcastle,Nottingham Forest,2,0,1
2022-08-06,Tottenham,Southampton,4,1,1
2022-08-06,Everton,Chelsea,0,1,2
2022-08-07,Leicester,Brentford,2,2,0
2022-08-07,Man United,Brighton,1,2,2
2022-08-07,West Ham,Man City,0,2,2
2022-08-13,Aston Villa,Everton,2,1,1
2022-08-13,Arsenal,Leicester,4,2,1
2022-08-13,Brighton,Newcastle,0,0,0
2022-08-13,Man City,Bournemouth,4,0,1
2022-08-13,Southampton,Leeds,2,2,0
2022-08-13,Wolves,Fulham,0,0,0
2022-08-13,Brentford,Man United,4,0,1
2022-08-14,Nottingham Forest,West Ham,1,0,1
2022-08-14,Chelsea,Tottenham,2,2,0
2022-08-15,Liverpool,Crystal Palace,1,1,0
2022-08-20,Tottenham,Wolves,1,0,1
2022-08-20,Crystal Palace,Aston Villa,3,1,1
2022-08-20,Everton,Nottingham Forest,1,1,0
2022-08-20,Fulham,Brentford,3,2,1
2022-08-20,Leicester,Southampton,1,2,2
2022-08-20,Bournemouth,Arsenal,0,3,2
2022-08-21,Leeds,Chelsea,3,0,1
2022-08-21,West Ham,Brighton,0,2,2
2022-08-21,Newcastle,Man City,3,3,0
2022-08-22,Man United,Liverpool,2,1,1
2022-08-27,Southampton,Man United,0,1,2
2022-08-27,Brentford,Everton,1,1,0
2022-08-27,Brighton,Leeds,1,0,1
2022-08-27,Chelsea,Leicester,2,1,1
2022-08-27,Liverpool,Bournemouth,9,0,1
2022-08-27,Man City,Crystal Palace,4,2,1
2022-08-27,Arsenal,Fulham,2,1,1
2022-08-28,Aston Villa,West Ham,0,1,2
2022-08-28,Wolves,Newcastle,1,1,0
2022-08-28,Nottingham Forest,Tottenham,0,2,2
2022-08-30,Crystal Palace,Brentford,1,1,0
2022-08-30,Fulham,Brighton,2,1,1
2022-08-30,Southampton,Chelsea,2,1,1
2022-08-30,Leeds,Everton,1,1,0
2022-08-31,Bournemouth,Wolves,0,0,0
2022-08-31,Arsenal,Aston Villa,2,1,1
2022-08-31,Man City,Nottingham Forest,6,0,1
2022-08-31,West Ham,Tottenham,1,1,0
2022-08-31,Liverpool,Newcastle,2,1,1
2022-09-01,Leicester,Man United,0,1,2
2022-09-03,Everton,Liverpool,0,0,0
2022-09-03,Brentford,Leeds,5,2,1
2022-09-03,Chelsea,West Ham,2,1,1
2022-09-03,Newcastle,Crystal Palace,0,0,0
2022-09-03,Nottingham Forest,Bournemouth,2,3,2
2022-09-03,Tottenham,Fulham,2,1,1
2022-09-03,Wolves,Southampton,1,0,1
2022-09-03,Aston Villa,Man City,1,1,0
2022-09-04,Brighton,Leicester,5,2,1
2022-09-04,Man United,Arsenal,3,1,1
2022-09-16,Aston Villa,Southampton,1,0,1
2022-09-16,Nottingham Forest,Fulham,2,3,2
2022-09-17,Wolves,Man City,0,3,2
2022-09-17,Newcastle,Bournemouth,1,1,0
2022-09-17,Tottenham,Leicester,6,2,1
2022-09-18,Brentford,Arsenal,0,3,2
2022-09-18,Everton,West Ham,1,0,1
2022-10-01,Arsenal,Tottenham,3,1,1
2022-10-01,Bournemouth,Brentford,0,0,0
2022-10-01,Crystal Palace,Chelsea,1,2,2
2022-10-01,Fulham,Newcastle,1,4,2
2022-10-01,Liverpool,Brighton,3,3,0
2022-10-01,Southampton,Everton,1,2,2
2022-10-01,West Ham,Wolves,2,0,1
2022-10-02,Man City,Man United,6,3,1
2022-10-02,Leeds,Aston Villa,0,0,0
2022-10-03,Leicester,Nottingham Forest,4,0,1
2022-10-08,Bournemouth,Leicester,2,1,1
2022-10-08,Chelsea,Wolves,3,0,1
2022-10-08,Man City,Southampton,4,0,1
2022-10-08,Newcastle,Brentford,5,1,1
2022-10-08,Brighton,Tottenham,0,1,2
2022-10-09,Crystal Palace,Leeds,2,1,1
2022-10-09,West Ham,Fulham,3,1,1
2022-10-09,Arsenal,Liverpool,3,2,1
2022-10-09,Everton,Man United,1,2,2
2022-10-10,Nottingham Forest,Aston Villa,1,1,0
2022-10-14,Brentford,Brighton,2,0,1
2022-10-15,Leicester,Crystal Palace,0,0,0
2022-10-15,Fulham,Bournemouth,2,2,0
2022-10-15,Wolves,Nottingham Forest,1,0,1
2022-10-15,Tottenham,Everton,2,0,1
2022-10-16,Aston Villa,Chelsea,0,2,2
2022-10-16,Leeds,Arsenal,0,1,2
2022-10-16,Man United,Newcastle,0,0,0
2022-10-16,Southampton,West Ham,1,1,0
2022-10-16,Liverpool,Man City,1,0,1
2022-10-18,Brighton,Nottingham Forest,0,0,0
2022-10-18,Crystal Palace,Wolves,2,1,1
2022-10-19,Bournemouth,Southampton,0,1,2
2022-10-19,Brentford,Chelsea,0,0,0
2022-10-19,Liverpool,West Ham,1,0,1
2022-10-19,Newcastle,Everton,1,0,1
2022-10-19,Man United,Tottenham,2,0,1
2022-10-20,Fulham,Aston Villa,3,0,1
2022-10-20,Leicester,Leeds,2,0,1
2022-10-22,Nottingham Forest,Liverpool,1,0,1
2022-10-22,Everton,Crystal Palace,3,0,1
2022-10-22,Man City,Brighton,3,1,1
2022-10-22,Chelsea,Man United,1,1,0
2022-10-23,Aston Villa,Brentford,4,0,1
2022-10-23,Leeds,Fulham,2,3,2
2022-10-23,Southampton,Arsenal,1,1,0
2022-10-23,Wolves,Leicester,0,4,2
2022-10-23,Tottenham,Newcastle,1,2,2
2022-10-24,West Ham,Bournemouth,2,0,1
2022-10-29,Leicester,Man City,0,1,2
2022-10-29,Bournemouth,Tottenham,2,3,2
2022-10-29,Brentford,Wolves,1,1,0
2022-10-29,Brighton,Chelsea,4,1,1
2022-10-29,Crystal Palace,Southampton,1,0,1
2022-10-29,Newcastle,Aston Villa,4,0,1
2022-10-29,Fulham,Everton,0,0,0
2022-10-29,Liverpool,Leeds,1,2,2
2022-10-30,Arsenal,Nottingham Forest,5,0,1
2022-10-30,Man United,West Ham,1,0,1
2022-11-05,Leeds,Bournemouth,4,3,1
2022-11-05,Man City,Fulham,2,1,1
2022-11-05,Nottingham Forest,Brentford,2,2,0
2022-11-05,Wolves,Brighton,2,3,2
2022-11-05,Everton,Leicester,0,2,2
2022-11-06,Chelsea,Arsenal,0,1,2
2022-11-06,Aston Villa,Man United,3,1,1
2022-11-06,Southampton,Newcastle,1,4,2
2022-11-06,West Ham,Crystal Palace,1,2,2
2022-11-06,Tottenham,Liverpool,1,2,2
2022-11-12,Man City,Brentford,1,2,2
2022-11-12,Bournemouth,Everton,3,0,1
2022-11-12,Liverpool,Southampton,3,1,1
2022-11-12,Nottingham Forest,Crystal Palace,1,0,1
2022-11-12,Tottenham,Leeds,4,3,1
2022-11-12,West Ham,Leicester,0,2,2
2022-11-12,Newcastle,Chelsea,1,0,1
2022-11-12,Wolves,Arsenal,0,2,2
2022-11-13,Brighton,Aston Villa,1,2,2
2022-11-13,Fulham,Man United,1,2,2
2022-12-26,Brentford,Tottenham,2,2,0
2022-12-26,Crystal Palace,Fulham,0,3,2
2022-12-26,Everton,Wolves,1,2,2
2022-12-26,Leicester,Newcastle,0,3,2
2022-12-26,Southampton,Brighton,1,3,2
2022-12-26,Aston Villa,Liverpool,1,3,2
2022-12-26,Arsenal,West Ham,3,1,1
2022-12-27,Chelsea,Bournemouth,2,0,1
2022-12-27,Man United,Nottingham Forest,3,0,1
2022-12-28,Leeds,Man City,1,3,2
2022-12-30,West Ham,Brentford,0,2,2
2022-12-30,Liverpool,Leicester,2,1,1
2022-12-31,Wolves,Man United,0,1,2
2022-12-31,Bournemouth,Crystal Palace,0,2,2
2022-12-31,Fulham,Southampton,2,1,1
2022-12-31,Man City,Everton,1,1,0
2022-12-31,Newcastle,Leeds,0,0,0
2022-12-31,Brighton,Arsenal,2,4,2
2023-01-01,Tottenham,Aston Villa,0,2,2
2023-01-01,Nottingham Forest,Chelsea,1,1,0
2023-01-02,Brentford,Liverpool,3,1,1
2023-01-03,Everton,Brighton,1,4,2
2023-01-03,Leicester,Fulham,0,1,2
2023-01-03,Arsenal,Newcastle,0,0,0
2023-01-03,Man United,Bournemouth,3,0,1
2023-01-04,Southampton,Nottingham Forest,0,1,2
2023-01-04,Leeds,West Ham,2,2,0
2023-01-04,Aston Villa,Wolves,1,1,0
2023-01-04,Crystal Palace,Tottenham,0,4,2
2023-01-05,Chelsea,Man City,0,1,2
2023-01-12,Fulham,Chelsea,2,1,1
2023-01-13,Aston Villa,Leeds,2,1,1
2023-01-14,Man United,Man City,2,1,1
2023-01-14,Brighton,Liverpool,3,0,1
2023-01-14,Everton,Southampton,1,2,2
2023-01-14,Nottingham Forest,Leicester,2,0,1
2023-01-14,Wolves,West Ham,1,0,1
2023-01-14,Brentford,Bournemouth,2,0,1
2023-01-15,Chelsea,Crystal Palace,1,0,1
2023-01-15,Newcastle,Fulham,1,0,1
2023-01-15,Tottenham,Arsenal,0,2,2
2023-01-19,Man City,Tottenham,4,2,1
2023-01-20,Crystal Palace,Newcastle,0,0,0
2023-01-21,Liverpool,Chelsea,0,0,0
2023-01-21,Bournemouth,Nottingham Forest,1,1,0
2023-01-21,Leicester,Brighton,2,2,0
2023-01-21,Southampton,Aston Villa,0,1,2
2023-01-21,West Ham,Everton,2,0,1
2023-01-21,Crystal Palace,Newcastle,0,0,0
2023-01-22,Leeds,Brentford,0,0,0
2022-01-22,Man City,Wolves,3,0,1
2023-01-22,Arsenal,Man United,3,2,1
2023-01-23,Fulham,Tottenham,0,1,2
2023-02-03,Chelsea,Fulham,0,0,0
2023-02-04,Everton,Arsenal,1,0,1
2023-02-04,Aston Villa,Leicester,2,4,2
2023-02-04,Brentford,Southampton,3,0,1
2023-02-04,Brighton,Bournemouth,1,0,1
2023-02-04,Man United,Crystal Palace,2,1,1
2023-02-04,Wolves,Liverpool,3,0,1
2023-02-04,Newcastle,West Ham,1,1,0
2023-02-05,Nottingham Forest,Leeds,1,0,1
2023-02-05,Tottenham,Man City,1,0,1
2023-02-08,Man United,Leeds,2,2,0
2023-02-11,West Ham,Chelsea,1,1,0
2023-02-11,Arsenal,Brentford,1,1,0
2023-02-11,Crystal Palace,Brighton,1,1,0
2023-02-11,Fulham,Nottingham Forest,2,0,1
2023-02-11,Leicester,Tottenham,4,1,1
2023-02-11,Southampton,Wolves,1,2,2
2023-02-11,Bournemouth,Newcastle,1,1,0
2023-02-12,Leeds,Man United,0,2,2
2023-02-12,Man City,Aston Villa,3,1,1
2023-02-13,Liverpool,Everton,2,0,1
2023-02-15,Arsenal,Man City,1,3,2
2023-02-18,Aston Villa,Arsenal,2,4,2
2023-02-18,Brentford,Crystal Palace,1,1,0
2023-02-18,Brighton,Fulham,0,1,2
2023-02-18,Chelsea,Southampton,0,1,2
2023-02-18,Everton,Leeds,1,0,1
2023-02-18,Nottingham Forest,Man City,1,1,0
2023-02-18,Wolves,Bournemouth,0,1,2
2023-02-18,Newcastle,Liverpool,0,2,2
2023-02-19,Man United,Leicester,3,0,1
2023-02-19,Tottenham,West Ham,2,0,1
2023-02-24,Fulham,Wolves,1,1,0
2023-02-25,Everton,Aston Villa,0,2,2
2023-02-25,Leeds,Southampton,1,0,1
2023-02-25,Leicester,Arsenal,0,1,2
2023-02-25,West Ham,Nottingham Forest,4,0,1
2023-02-25,Bournemouth,Man City,1,4,2
2023-02-25,Crystal Palace,Liverpool,0,0,0
2023-02-26,Tottenham,Chelsea,2,0,1
2023-03-01,Arsenal,Everton,4,0,1
2023-03-01,Liverpool,Wolves,2,0,1
2023-03-04,Man City,Newcastle,2,0,1
2023-03-04,Arsenal,Bournemouth,3,2,1
2023-03-04,Aston Villa,Crystal Palace,1,0,1
2023-03-04,Brighton,West Ham,4,0,1
2023-03-04,Chelsea,Leeds,1,0,1
2023-03-04,Wolves,Tottenham,1,0,1
2023-03-04,Southampton,Leicester,1,0,1
2023-03-05,Nottingham Forest,Everton,2,2,0
2023-03-05,Liverpool,Man United,7,0,1
2023-03-06,Brentford,Fulham,3,2,1
2023-03-11,Bournemouth,Liverpool,1,0,1
2023-03-11,Everton,Brentford,1,0,1
2023-03-11,Leeds,Brighton,2,2,0
2023-03-11,Leicester,Chelsea,1,3,2
2023-03-11,Tottenham,Nottingham Forest,3,1,1
2023-03-11,Crystal Palace,Man City,0,1,2
2023-03-12,Fulham,Arsenal,0,3,2
2023-03-12,Man United,Southampton,0,0,0
2023-03-12,West Ham,Aston Villa,1,1,0
2023-03-12,Newcastle,Wolves,2,1,1
2023-03-15,Brighton,Crystal Palace,1,0,1
2023-03-15,Southampton,Brentford,0,2,2
2023-03-17,Nottingham Forest,Newcastle,1,2,2
2023-03-18,Aston Villa,Bournemouth,3,0,1
2023-03-18,Brentford,Leicester,1,1,0
2023-03-18,Southampton,Tottenham,3,3,0
2023-03-18,Wolves,Leeds,2,4,2
2023-03-18,Chelsea,Everton,2,2,0
2023-03-19,Arsenal,Crystal Palace,4,1,1
2023-04-01,Man City,Liverpool,4,1,1
2023-04-01,Arsenal,Leeds,4,1,1
2023-04-01,Bournemouth,Fulham,2,1,1
2023-04-01,Brighton,Brentford,3,3,0
2023-04-01,Crystal Palace,Leicester,2,1,1
2023-04-01,Nottingham Forest,Wolves,1,1,0
2023-04-01,Chelsea,Aston Villa,0,2,2
2023-04-02,West Ham,Southampton,1,0,1
2023-04-02,Newcastle,Man United,2,0,1
2023-04-03,Everton,Tottenham,1,1,0
2023-04-04,Bournemouth,Brighton,0,2,2
2023-04-04,Leeds,Nottingham Forest,2,1,1
2023-04-04,Leicester,Aston Villa,1,2,2
2023-04-04,Chelsea,Liverpool,0,0,0
2023-04-05,Man United,Brentford,1,0,1
2023-04-05,West Ham,Newcastle,1,5,2
2023-04-08,Man United,Everton,2,0,1
2023-04-08,Aston Villa,Nottingham Forest,2,0,1
2023-04-08,Brentford,Newcastle,1,2,2
2023-04-08,Fulham,West Ham,0,1,2
2023-04-08,Leicester,Bournemouth,0,1,2
2023-04-08,Tottenham,Brighton,2,1,1
2023-04-08,Wolves,Chelsea,1,0,1
2023-04-08,Southampton,Man City,1,4,2
2023-04-09,Leeds,Crystal Palace,1,5,2
2023-04-09,Liverpool,Arsenal,2,2,0
2023-04-15,Aston Villa,Newcastle,3,0,1
2023-04-15,Chelsea,Brighton,1,2,2
2023-04-15,Everton,Fulham,1,3,2
2023-04-15,Southampton,Crystal Palace,0,2,2
2023-04-15,Tottenham,Bournemouth,2,3,2
2023-04-15,Wolves,Brentford,2,0,1
2023-04-15,Man City,Leicester,3,1,1
2023-04-16,West Ham,Arsenal,2,2,0
2023-04-16,Nottingham Forest,Man United,0,2,2
2023-04-17,Leeds,Liverpool,1,6,2
2023-04-21,Arsenal,Southampton,3,3,0
2023-04-22,Fulham,Leeds,2,1,1
2023-04-22,Brentford,Aston Villa,1,1,0
2023-04-22,Crystal Palace,Everton,0,0,0
2023-04-22,Leicester,Wolves,2,1,1
2023-04-22,Liverpool,Nottingham Forest,3,2,1
2023-04-23,Bournemouth,West Ham,0,4,2
2023-04-23,Newcastle,Tottenham,6,1,1
2023-04-25,Wolves,Crystal Palace,2,0,1
2023-04-25,Aston Villa,Fulham,1,0,1
2023-04-25,Leeds,Leicester,1,1,0
2023-04-26,Nottingham Forest,Brighton,3,1,1
2023-04-26,Chelsea,Brentford,0,2,2
2023-04-26,West Ham,Liverpool,1,2,2
2023-04-26,Man City,Arsenal,4,1,1
2023-04-27,Everton,Newcastle,1,4,2
2023-04-27,Southampton,Bournemouth,0,1,2
2023-04-27,Tottenham,Man United,2,2,0
2023-04-29,Crystal Palace,West Ham,4,3,1
2023-04-29,Brentford,Nottingham Forest,2,1,1
2023-04-29,Brighton,Wolves,6,0,1
2023-04-30,Bournemouth,Leeds,4,1,1
2023-04-30,Fulham,Man City,1,2,2
2023-04-30,Man United,Aston Villa,1,0,1
2023-04-30,Newcastle,Southampton,3,1,1
2023-04-30,Liverpool,Tottenham,4,3,1
2023-05-01,Leicester,Everton,2,2,0
2023-05-03,Man City,West Ham,3,0,1
2023-05-03,Liverpool,Fulham,1,0,1
2023-05-04,Brighton,Man United,1,0,1
2023-05-06,Bournemouth,Chelsea,1,3,2
2023-05-06,Man City,Leeds,2,1,1
2023-05-06,Tottenham,Crystal Palace,1,0,1
2023-05-06,Wolves,Aston Villa,1,0,1
2023-05-06,Liverpool,Brentford,1,0,1
2023-05-07,Newcastle,Arsenal,0,2,2
2023-05-07,West Ham,Man United,1,0,1
2023-05-08,Fulham,Leicester,5,3,1
2023-05-08,Brighton,Everton,1,5,2
2023-05-08,Nottingham Forest,Southampton,4,3,1
2023-05-13,Leeds,Newcastle,2,2,0
2023-05-13,Aston Villa,Tottenham,2,1,1
2023-05-13,Chelsea,Nottingham Forest,2,2,0
2023-05-13,Crystal Palace,Bournemouth,2,0,1
2023-05-13,Man United,Wolves,2,0,1
2023-05-13,Southampton,Fulham,0,2,2
2023-05-14,Brentford,West Ham,2,0,1
2023-05-14,Everton,Man City,0,3,2
2023-05-14,Arsenal,Brighton,0,3,2
2023-05-15,Leicester,Liverpool,0,3,2
2023-05-18,Newcastle,Brighton,4,1,1
2023-05-20,Tottenham,Brentford,1,3,2
2023-05-20,Bournemouth,Man United,0,1,2
2023-05-20,Fulham,Crystal Palace,2,2,0
2023-05-20,Liverpool,Aston Villa,1,1,0
2023-05-20,Wolves,Everton,1,1,0
2023-05-20,Nottingham Forest,Arsenal,1,0,1
2023-05-21,West Ham,Leeds,3,1,1
2023-05-21,Brighton,Southampton,3,1,1
2023-05-21,Man City,Chelsea,1,0,1
2023-05-22,Newcastle,Leicester,0,0,0
2023-05-24,Brighton,Man City,1,1,0
2023-05-25,Man United,Chelsea,4,1,1
2023-05-28,Arsenal,Wolves,5,0,1
2023-05-28,Aston Villa,Brighton,2,1,1
2023-05-28,Brentford,Man City,1,0,1
2023-05-28,Chelsea,Newcastle,1,1,0
2023-05-28,Crystal Palace,Nottingham Forest,1,1,0
2023-05-28,Everton,Bournemouth,1,0,1
2023-05-28,Leeds,Tottenham,1,4,2
2023-05-28,Leicester,West Ham,2,1,1
2023-05-28,Man United,Fulham,2,1,1
2023-05-28,Southampton,Liverpool,4,4,0
2023-08-11,Burnley,Man City,0,3,2
2023-08-12,Arsenal,Nottingham Forest,2,1,1
2023-08-12,Bournemouth,West Ham,1,1,0
2023-08-12,Brighton,Luton,4,1,1
2023-08-12,Everton,Fulham,0,1,2
2023-08-12,Sheff Utd,Crystal Palace,0,1,2
2023-08-12,Newcastle,Aston Villa,5,1,1
2023-08-13,Brentford,Tottenham,2,2,0
2023-08-13,Chelsea,Liverpool,1,1,0
2023-08-14,Man United,Wolves,1,0,1
2023-08-18,Nottingham Forest,Sheff Utd,2,1,1
2023-08-19,Fulham,Brentford,0,3,2
2023-08-19,Liverpool,Bournemouth,3,1,1
2023-08-19,Wolves,Brighton,1,4,2
2023-08-19,Tottenham,Man United,2,0,1
2023-08-19,Man City,Newcastle,1,0,1
2023-08-20,Aston Villa,Everton,4,0,1
2023-08-20,West Ham,Chelsea,3,1,1
2023-08-21,Crystal Palace,Arsenal,0,1,2
2023-08-25,Chelsea,Luton,3,0,1
2023-08-26,Bournemouth,Tottenham,0,2,2
2023-08-26,Arsenal,Fulham,2,2,0
2023-08-26,Brentford,Crystal Palace,1,1,0
2023-08-26,Everton,Wolves,0,1,2
2023-08-26,Man United,Nottingham Forest,3,2,1
2023-08-26,Brighton,West Ham,1,3,2
2023-08-27,Burnley,Aston Villa,1,3,2
2023-08-27,Sheff Utd,Man City,1,2,2
2023-08-27,Newcastle,Liverpool,1,2,2
2023-09-01,Luton,West Ham,1,2,2
2023-09-02,Sheff Utd,Everton,2,2,0
2023-09-02,Brentford,Bournemouth,2,2,0
2023-09-02,Burnley,Tottenham,2,5,2
2023-09-02,Chelsea,Nottingham Forest,0,1,2
2023-09-02,Man City,Fulham,5,1,1
2023-09-02,Brighton,Newcastle,3,1,1
2023-09-03,Crystal Palace,Wolves,3,2,1
2023-09-03,Liverpool,Aston Villa,3,0,1
2023-09-03,Arsenal,Man United,3,1,1
2023-09-16,Wolves,Liverpool,1,3,2
2023-09-16,Aston Villa,Crystal Palace,3,1,1
2023-09-16,Fulham,Luton,1,0,1
2023-09-16,Man United,Brighton,1,3,2
2023-09-16,Tottenham,Sheff Utd,2,1,1
2023-09-16,West Ham,Man City,1,3,2
2023-09-16,Newcastle,Brentford,1,0,1
2023-09-17,Bournemouth,Chelsea,0,0,0
2023-09-17,Everton,Arsenal,0,1,2
2023-09-18,Nottingham Forest,Burnley,1,1,0
2023-09-23,Crystal Palace,Fulham,0,0,0
2023-09-23,Luton,Wolves,1,1,0
2023-09-23,Man City,Nottingham Forest,2,0,1
2023-09-23,Brentford,Everton,1,3,2
2023-09-23,Burnley,Man United,0,1,2
2023-09-24,Arsenal,Tottenham,2,2,0
2023-09-24,Brighton,Bournemouth,3,1,1
2023-09-24,Chelsea,Aston Villa,0,1,2
2023-09-24,Liverpool,West Ham,3,1,1
2023-09-24,Sheff Utd,Newcastle,0,8,2
2023-09-30,Aston Villa,Brighton,6,1,1
2023-09-30,Bournemouth,Arsenal,0,4,2
2023-09-30,Everton,Luton,1,2,2
2023-09-30,Man United,Crystal Palace,0,1,2
2023-09-30,Newcastle,Burnley,2,0,1
2023-09-30,West Ham,Sheff Utd,2,0,1
2023-09-30,Wolves,Man City,2,1,1
2023-09-30,Tottenham,Liverpool,2,1,1
2023-10-01,Nottingham Forest,Brentford,1,1,0
2023-10-02,Fulham,Chelsea,0,2,2
2023-10-03,Luton,Burnley,1,2,2
2023-10-07,Luton,Tottenham,0,1,2
2023-10-07,Burnley,Chelsea,1,4,2
2023-10-07,Everton,Bournemouth,3,0,1
2023-10-07,Fulham,Sheff Utd,3,1,1
2023-10-07,Man United,Brentford,2,1,1
2023-10-07,Crystal Palace,Nottingham Forest,0,0,0
2023-10-08,Brighton,Liverpool,2,2,0
2023-10-08,West Ham,Newcastle,2,2,0
2023-10-08,Wolves,Aston Villa,1,1,0
2023-10-08,Arsenal,Man City,1,0,1
2023-10-21,Liverpool,Everton,2,0,1
2023-10-21,Bournemouth,Wolves,1,2,2
2023-10-21,Brentford,Burnley,3,0,1
2023-10-21,Man City,Brighton,2,1,1
2023-10-21,Newcastle,Crystal Palace,4,0,1
2023-10-21,Nottingham Forest,Luton,2,2,0
2023-10-21,Chelsea,Arsenal,2,2,0
2023-10-21,Sheff Utd,Man United,1,2,2
2023-10-22,Aston Villa,West Ham,4,1,1
2023-10-23,Tottenham,Fulham,2,0,1
2023-10-27,Crystal Palace,Tottenham,1,2,2
2023-10-28,Chelsea,Brentford,0,2,2
2023-10-28,Arsenal,Sheff Utd,5,0,1
2023-10-28,Bournemouth,Burnley,2,1,1
2023-10-28,Wolves,Newcastle,2,2,0
2023-10-29,West Ham,Everton,0,1,2
2023-10-29,Brighton,Fulham,1,1,0
2023-10-29,Aston Villa,Luton,3,1,1
2023-10-29,Liverpool,Nottingham Forest,3,0,1
2023-10-29,Man United,Man City,0,3,2
2023-11-04,Fulham,Man United,0,1,2
2023-11-04,Brentford,West Ham,3,2,1
2023-11-04,Burnley,Crystal Palace,0,2,2
2023-11-04,Everton,Brighton,1,1,0
2023-11-04,Man City,Bournemouth,6,1,1
2023-11-04,Sheff Utd,Wolves,2,1,1
2023-11-04,Newcastle,Arsenal,1,0,1
2023-11-05,Nottingham Forest,Aston Villa,2,0,1
2023-11-05,Luton,Liverpool,1,1,0
2023-11-06,Tottenham,Chelsea,1,4,2
2023-11-11,Wolves,Tottenham,2,1,1
2023-11-11,Arsenal,Burnley,3,1,1
2023-11-11,Crystal Palace,Everton,2,3,2
2023-11-11,Man United,Luton,1,0,1
2023-11-11,Bournemouth,Newcastle,2,0,1
2023-11-12,Aston Villa,Fulham,3,1,1
2023-11-12,Brighton,Sheff Utd,1,1,0
2023-11-12,Liverpool,Brentford,3,0,1
2023-11-12,West Ham,Nottingham Forest,3,2,1
2023-11-12,Chelsea,Man City,4,4,0
2023-11-25,Man City,Liverpool,1,1,0
2023-11-25,Burnley,West Ham,1,2,2
2023-11-25,Luton,Crystal Palace,2,1,1
2023-11-25,Newcastle,Chelsea,4,1,1
2023-11-25,Nottingham Forest,Brighton,2,3,2
2023-11-25,Sheff Utd,Bournemouth,1,3,2
2023-11-25,Brentford,Arsenal,0,1,2
2023-11-26,Tottenham,Aston Villa,1,2,2
2023-11-26,Everton,Man United,0,3,2
2023-11-27,Fulham,Wolves,3,2,1
2023-12-02,Arsenal,Wolves,2,1,1
2023-12-02,Brentford,Luton,3,1,1
2023-12-02,Burnley,Sheff Utd,5,0,1
2023-12-02,Nottingham Forest,Everton,0,1,2
2023-12-02,Newcastle,Man United,1,0,1
2023-12-03,Bournemouth,Aston Villa,2,2,0
2023-12-03,Chelsea,Brighton,3,2,1
2023-12-03,Liverpool,Fulham,4,3,1
2023-12-03,West Ham,Crystal Palace,1,1,0
2023-12-03,Man City,Tottenham,3,3,0
2023-12-05,Wolves,Burnley,1,0,1
2023-12-05,Luton,Arsenal,3,4,2
2023-12-06,Brighton,Brentford,2,1,1
2023-12-06,Crystal Palace,Bournemouth,0,2,2
2023-12-06,Fulham,Nottingham Forest,5,0,1
2023-12-06,Sheff Utd,Liverpool,0,2,2
2023-12-06,Aston Villa,Man City,1,0,1
2023-12-06,Man United,Chelsea,2,1,1
2023-12-07,Everton,Newcastle,3,0,1
2023-12-07,Tottenham,West Ham,1,2,2
2023-12-09,Crystal Palace,Liverpool,1,2,2
2023-12-09,Brighton,Burnley,1,1,0
2023-12-09,Man United,Bournemouth,0,3,2
2023-12-09,Sheff Utd,Brentford,1,0,1
2023-12-09,Wolves,Nottingham Forest,1,1,0
2023-12-09,Aston Villa,Arsenal,1,0,1
2023-12-10,Everton,Chelsea,2,0,1
2023-12-10,Fulham,West Ham,5,0,1
2023-12-10,Luton,Man City,1,2,2
2023-12-10,Tottenham,Newcastle,4,1,1
2023-12-15,Nottingham Forest,Tottenham,0,2,2
2023-12-16,Bournemouth,Luton,1,1,0
2023-12-16,Chelsea,Sheff Utd,2,0,1
2023-12-16,Man City,Crystal Palace,2,2,0
2023-12-16,Newcastle,Fulham,3,0,1
2023-12-16,Burnley,Everton,0,2,2
2023-12-17,Arsenal,Brighton,2,0,1
2023-12-17,Brentford,Aston Villa,1,2,2
2023-12-17,West Ham,Wolves,3,0,1
2023-12-17,Liverpool,Man United,0,0,0
2023-12-21,Crystal Palace,Brighton,1,1,0
2023-12-22,Aston Villa,Sheff Utd,1,1,0
2023-12-23,West Ham,Man United,2,0,1
2023-12-23,Fulham,Burnley,0,2,2
2023-12-23,Luton,Newcastle,1,0,1
2023-12-23,Nottingham Forest,Bournemouth,2,3,2
2023-12-23,Tottenham,Everton,2,1,1
2023-12-23,Liverpool,Arsenal,1,1,0
2023-12-24,Wolves,Chelsea,2,1,1
2023-12-26,Newcastle,Nottingham Forest,1,3,2
2023-12-26,Bournemouth,Fulham,3,0,1
2023-12-26,Sheff Utd,Luton,2,3,2
2023-12-26,Burnley,Liverpool,0,2,2
2032-12-26,Man United,Aston Villa,3,2,1
2023-12-27,Brentford,Wolves,1,4,2
2023-12-27,Chelsea,Crystal Palace,2,1,1
2023-12-27,Everton,Man City,1,3,2
2023-12-28,Brighton,Tottenham,4,2,1
2023-12-28,Arsenal,West Ham,0,2,2
2023-12-30,Luton,Chelsea,2,3,2
2023-12-30,Aston Villa,Burnley,3,2,1
2023-12-30,Crystal Palace,Brentford,3,1,1
2023-12-30,Man City,Sheff Utd,2,0,1
2023-12-30,Wolves,Everton,3,0,1
2023-12-30,Nottingham Forest,Man United,2,1,1
2023-12-31,Fulham,Arsenal,2,1,1
2023-12-31,Tottenham,Bournemouth,3,1,1
2024-01-01,Liverpool,Newcastle,4,2,1
2024-01-02,West Ham,Brighton,0,0,0
2024-01-13,Chelsea,Fulham,1,0,1
2024-01-13,Newcastle,Man City,2,3,2
2024-01-14,Everton,Aston Villa,0,0,0
2024-01-14,Man United,Tottenham,2,2,0
2024-01-20,Arsenal,Crystal Palace,5,0,1
2024-01-20,Brentford,Nottingham Forest,3,2,1
2024-01-21,Sheff Utd,West Ham,2,2,0
2024-01-21,Bournemouth,Liverpool,0,4,2
2024-01-22,Brighton,Wolves,0,0,0
2024-01-30,Nottingham Forest,Arsenal,1,2,2
2024-01-30,Fulham,Everton,0,0,0
2024-01-30,Luton,Brighton,4,0,1
2024-01-30,Crystal Palace,Sheff Utd,3,2,1
2024-01-30,Aston Villa,Newcastle,1,3,2
2024-01-31,Man City,Burnley,3,1,1
2024-01-31,Tottenham,Brentford,3,2,1
2024-01-31,Liverpool,Chelsea,4,1,1
2024-02-01,West Ham,Bournemouth,1,1,0
2024-02-01,Wolves,Man United,3,4,2
2024-02-03,Everton,Tottenham,2,2,0
2024-02-03,Brighton,Crystal Palace,4,1,1
2024-02-03,Burnley,Fulham,2,2,0
2024-02-03,Newcastle,Luton,4,4,0
2024-02-03,Sheff Utd,Aston Villa,0,5,2
2024-02-04,Bournemouth,Nottingham Forest,1,1,0
2024-02-04,Chelsea,Wolves,2,4,2
2024-02-04,Man United,West Ham,3,0,1
2024-02-04,Arsenal,Liverpool,3,1,1
2024-02-05,Brentford,Man City,1,3,2
2024-02-10,Man City,Everton,2,0,1
2024-02-10,Fulham,Bournemouth,3,1,1
2024-02-10,Liverpool,Burnley,3,1,1
2024-02-10,Luton,Sheff Utd,1,3,2
2024-02-10,Tottenham,Brighton,2,1,1
2024-02-10,Wolves,Brentford,0,2,2
2024-02-10,Nottingham Forest,Newcastle,2,3,2
2024-02-11,West Ham,Arsenal,0,6,2
2024-02-11,Aston Villa,Man United,1,2,2
2024-02-12,Crystal Palace,Chelsea,1,3,2
2024-02-17,Brentford,Liverpool,1,4,2
2024-02-17,Burnley,Arsenal,0,5,2
2024-02-17,Fulham,Aston Villa,1,2,2
2024-02-17,Newcastle,Bournemouth,2,2,0
2024-02-17,Nottingham Forest,West Ham,2,0,1
2024-02-17,Tottenham,Wolves,1,2,2
2024-02-17,Man City,Chelsea,1,1,0
2024-02-18,Sheff Utd,Brighton,0,5,2
2024-02-18,Luton,Man United,1,2,2
2024-02-19,Everton,Crystal Palace,1,1,0
2024-02-20,Man City,Brentford,1,0,1
2024-02-21,Liverpool,Luton,4,1,1
2024-02-24,Aston Villa,Nottingham Forest,4,2,1
2024-02-24,Brighton,Everton,1,1,0
2024-02-24,Crystal Palace,Burnley,3,0,1
2024-02-24,Man United,Fulham,1,2,2
2024-02-24,Bournemouth,Man City,0,1,2
2024-02-24,Arsenal,Newcastle,4,1,1
2024-02-26,West Ham,Brentford,4,2,1
2024-02-27,Luton,Man City,2,6,2
2024-02-28,Chelsea,Leeds,3,2,1
2024-02-28,Nottingham Forest,Man United,0,1,2
2024-02-28,Wolves,Brighton,1,0,1
2024-02-28,Liverpool,Southampton,3,0,1
2024-03-02,Brentford,Chelsea,2,2,0
2024-03-02,Everton,West Ham,1,3,2
2024-03-02,Fulham,Brighton,3,0,1
2024-03-02,Newcastle,Wolves,3,0,1
2024-03-02,Nottingham Forest,Liverpool,0,1,2
2024-03-02,Tottenham,Crystal Palace,3,1,1
2024-03-02,Luton,Aston Villa,2,3,2
2024-03-03,Burnley,Bournemouth,0,2,2
2024-03-03,Man City,Man United,3,1,1
2024-03-04,Sheff Utd,Arsenal,0,6,2
2024-03-09,Man United,Everton,2,0,1
2024-03-09,Bournemouth,Sheff Utd,2,2,0
2024-03-09,Crystal Palace,Luton,1,1,0
2024-03-09,Wolves,Fulham,2,1,1
2024-03-09,Arsenal,Brentford,2,1,1
2024-03-10,Aston Villa,Tottenham,0,4,2
2024-03-10,Brighton,Nottingham Forest,1,0,1
2024-03-10,West Ham,Burnley,2,2,0
2024-03-10,Liverpool,Man City,1,1,0
2024-03-11,Chelsea,Newcastle,3,2,1
2024-03-13,Bournemouth,Luton,4,3,1
2024-03-16,Burnley,Brentford,2,1,1
2024-03-16,Luton,Nottingham Forest,1,1,0
2024-03-16,Fulham,Tottenham,3,0,1
2024-03-17,West Ham,Aston Villa,1,1,0
2024-03-30,Newcastle,West Ham,4,3,1
2024-03-30,Bournemouth,Everton,2,1,1
2024-03-30,Chelsea,Burnley,2,2,0
2024-03-30,Nottingham Forest,Crystal Palace,1,1,0
2024-03-30,Sheff Utd,Fulham,3,3,0
2024-03-30,Tottenham,Luton,2,1,1
2024-03-30,Aston Villa,Wolves,2,0,1
2024-03-30,Brentford,Man United,1,1,0
2024-03-31,Liverpool,Brighton,2,1,1
2024-03-31,Man City,Arsenal,0,0,0
2024-04-02,Newcastle,Everton,1,1,0
2024-04-02,Nottingham Forest,Fulham,3,1,1
2024-04-02,Bournemouth,Crystal Palace,1,0,1
2024-04-02,Burnley,Wolves,1,1,0
2024-04-02,West Ham,Tottenham,1,1,0
2024-04-03,Arsenal,Luton,2,0,1
2024-04-03,Brentford,Brighton,0,0,0
2024-04-03,Man City,Aston Villa,4,1,1
2024-04-04,Liverpool,Sheff Utd,3,1,1
2024-04-04,Chelsea,Man United,4,3,1
2024-04-06,Crystal Palace,Man City,2,4,2
2024-04-06,Aston Villa,Brentford,3,3,0
2024-04-06,Everton,Burnley,1,0,1
2024-04-06,Fulham,Newcastle,0,1,2
2024-04-06,Luton,Bournemouth,2,1,1
2024-04-06,Wolves,West Ham,1,2,2
2024-04-06,Brighton,Arsenal,0,3,2
2024-04-07,Man United,Liverpool,2,2,0
2024-04-07,Sheff Utd,Chelsea,2,2,0
2024-04-07,Tottenham,Nottingham Forest,3,1,1
2024-04-13,Newcastle,Tottenham,4,0,1
2024-04-13,Brentford,Sheff Utd,2,0,1
2024-04-13,Burnley,Brighton,1,1,0
2024-04-13,Man City,Luton,5,1,1
2024-04-13,Nottingham Forest,Wolves,2,2,0
2024-04-13,Bournemouth,Man United,2,2,0
2024-04-14,Liverpool,Crystal Palace,0,1,2
2024-04-14,West Ham,Fulham,0,2,2
2024-04-14,Arsenal,Aston Villa,0,2,2
2024-04-15,Chelsea,Everton,6,0,1
2024-04-20,Luton,Brentford,1,5,2
2024-04-20,Sheff Utd,Burnley,1,4,2
2024-04-20,Wolves,Arsenal,0,2,2
2024-04-21,Everton,Nottingham Forest,2,0,1
2024-04-21,Aston Villa,Bournemouth,3,1,1
2024-04-21,Crystal Palace,West Ham,5,2,1
2024-04-21,Fulham,Liverpool,1,3,2
2024-04-23,Arsenal,Chelsea,5,0,1
2024-04-24,Wolves,Bournemouth,0,1,2
2024-04-24,Crystal Palace,Newcastle,2,0,1
2024-04-24,Everton,Liverpool,2,0,1
2024-04-24,Man United,Sheff Utd,4,2,1
2024-04-25,Brighton,Man City,0,4,2
2024-04-27,West Ham,Liverpool,2,2,0
2024-04-27,Fulham,Crystal Palace,1,1,0
2024-04-27,Man United,Burnley,1,1,0
2024-04-27,Newcastle,Sheff Utd,5,1,1
2024-04-27,Wolves,Luton,2,1,1
2024-04-27,Everton,Brentford,1,0,1
2024-04-27,Aston Villa,Chelsea,2,2,0
2024-04-28,Bournemouth,Brighton,3,0,1
2024-04-28,Tottenham,Arsenal,2,3,2
2024-04-28,Nottingham Forest,Man City,0,2,2
2024-05-02,Chelsea,Tottenham,2,0,1
2024-05-03,Luton,Everton,1,1,0
2024-05-04,Arsenal,Bournemouth,3,0,1
2024-05-04,Brentford,Fulham,0,0,0
2024-05-04,Burnley,Newcastle,1,4,2
2024-05-04,Sheff Utd,Nottingham Forest,1,3,2
2024-05-04,Man City,Wolves,5,1,1
2024-05-05,Brighton,Aston Villa,1,0,1
2024-05-05,Chelsea,West Ham,5,0,1
2024-05-05,Liverpool,Tottenham,4,2,1
2024-05-06,Crystal Palace,Man United,4,0,1
2024-05-11,Fulham,Man City,0,4,2
2024-05-11,Bournemouth,Brentford,1,2,2
2024-05-11,Everton,Sheff Utd,1,0,1
2024-05-11,Newcastle,Brighton,1,1,0
2024-05-11,Tottenham,Burnley,2,1,1
2024-05-11,West Ham,Luton,3,1,1
2024-05-11,Wolves,Crystal Palace,1,3,2
2024-05-11,Nottingham Forest,Chelsea,2,3,2
2024-05-12,Man United,Arsenal,0,1,2
2024-05-13,Aston Villa,Liverpool,3,3,0
2024-05-15,Tottenham,Man City,0,2,2
2024-05-15,Brighton,Chelsea,1,2,2
2024-05-15,Man United,Newcastle,3,2,1
2024-05-19,Arsenal,Everton,2,1,1
2024-05-19,Brentford,Newcastle,2,4,2
2024-05-19,Brighton,Man United,0,2,2
2024-05-19,Burnley,Nottingham Forest,1,2,2
2024-05-19,Chelsea,Bournemouth,2,1,1
2024-05-19,Crystal Palace,Aston Villa,5,0,1
2024-05-19,Liverpool,Wolves,2,0,1
2024-05-19,Luton,Fulham,2,4,2
2024-05-19,Man City,West Ham,3,1,1
2024-05-19,Sheff Utd,Tottenham,0,3,2
2024-08-16,Man United,Fulham,2,1,1
2024-08-17,Ipswich,Liverpool,0,3,2
2024-08-17,Arsenal,Wolves,2,0,1
2024-08-17,Everton,Brighton,1,1,0
2024-08-17,Newcastle,Southampton,2,0,1
2024-08-17,Nottingham Forest,Bournemouth,1,1,0
2024-08-17,West Ham,Aston Villa,1,2,2
2024-08-18,Brentford,Crystal Palace,1,1,0
2024-08-18,Chelsea,Man City,0,2,2
2024-08-19,Leicester,Tottenham,1,3,2
2024-08-24,Bournemouth,Newcastle,1,1,0
2024-08-24,Aston Villa,Arsenal,2,2,0
2024-08-24,Brighton,Man United,1,0,1
2024-08-24,Crystal Palace,West Ham,2,1,1
2024-08-24,Fulham,Leicester,1,1,0
2024-08-24,Liverpool,Brentford,3,0,1
2024-08-24,Man City,Ipswich,4,0,1
2024-08-24,Southampton,Nottingham Forest,1,0,1
2024-08-24,Tottenham,Everton,2,0,1
2024-08-24,Wolves,Chelsea,1,2,2
2024-08-31,Arsenal,Tottenham,2,1,1
2024-08-31,Brentford,Southampton,2,0,1
2024-08-31,Chelsea,Crystal Palace,3,0,1
2024-08-31,Everton,Wolves,1,1,0
2024-08-31,Ipswich,Fulham,1,2,2
2024-08-31,Leicester,Aston Villa,2,2,0
2024-08-31,Man United,Liverpool,1,1,0
2024-08-31,Newcastle,Man City,1,3,2
2024-08-31,Nottingham Forest,Brighton,0,2,2
2024-08-31,West Ham,Bournemouth,2,1,1
2024-09-14,Bournemouth,Chelsea,1,2,2
2024-09-14,Aston Villa,Everton,2,0,1
2024-09-14,Brighton,Ipswich,3,1,1
2024-09-14,Crystal Palace,Leicester,1,0,1
2024-09-14,Fulham,West Ham,1,1,0
2024-09-14,Liverpool,Nottingham Forest,4,0,1
2024-09-14,Man City,Brentford,3,1,1
2024-09-14,Southampton,Man United,0,2,2
2024-09-14,Tottenham,Newcastle,2,2,0
2024-09-14,Wolves,Arsenal,0,2,2
2024-09-21,Arsenal,Man United,3,1,1
2024-09-21,Brentford,Fulham,2,2,0
2024-09-21,Chelsea,Brighton,1,1,0
2024-09-21,Everton,Southampton,1,0,1
2024-09-21,Ipswich,Aston Villa,1,3,2
2024-09-21,Leicester,Wolves,2,0,1
2024-09-21,Man City,Liverpool,2,2,0
2024-09-21,Newcastle,Everton,2,1,1
2024-09-21,Nottingham Forest,Tottenham,0,2,2
2024-09-21,West Ham,Crystal Palace,1,2,2
2024-09-28,Bournemouth,Liverpool,1,4,2
2024-09-28,Aston Villa,Man City,1,2,2
2024-09-28,Brighton,Arsenal,1,1,0
2024-09-28,Crystal Palace,Newcastle,0,0,0
2024-09-28,Fulham,Nottingham Forest,2,1,1
2024-09-28,Man United,Brentford,3,2,1
2024-09-28,Southampton,Leicester,1,2,2
2024-09-28,Tottenham,West Ham,3,1,1
2024-09-28,Wolves,Ipswich,2,0,1
2024-09-28,Everton,Chelsea,0,1,2
2024-10-05,Arsenal,Southampton,3,0,1
2024-10-05,Brentford,Everton,2,1,1
2024-10-05,Chelsea,Fulham,2,0,1
2024-10-05,Ipswich,Tottenham,1,1,0
2024-10-05,Leicester,Man City,0,4,2
2024-10-05,Liverpool,Crystal Palace,2,1,1
2024-10-05,Man United,Aston Villa,2,2,0
2024-10-05,Newcastle,Wolves,1,0,1
2024-10-05,Nottingham Forest,Bournemouth,1,2,2
2024-10-05,West Ham,Brighton,2,2,0
2024-10-19,Bournemouth,Man United,1,3,2
2024-10-19,Aston Villa,Newcastle,2,1,1
2024-10-19,Brighton,Leicester,2,0,1
2024-10-19,Crystal Palace,Ipswich,1,0,1
2024-10-19,Everton,West Ham,1,1,0
2024-10-19,Fulham,Arsenal,1,3,2
2024-10-19,Man City,Nottingham Forest,5,0,1
2024-10-19,Southampton,Everton,1,0,1
2024-10-19,Tottenham,Brentford,2,2,0
2024-10-19,Wolves,Liverpool,0,2,2
2024-10-26,Arsenal,Brentford,2,0,1
2024-10-26,Brighton,Wolves,1,0,1
2024-10-26,Chelsea,Newcastle,2,1,1
2024-10-26,Everton,Man City,0,3,2
2024-10-26,Ipswich,Southampton,2,2,0
2024-10-26,Leicester,Crystal Palace,1,1,0
2024-10-26,Liverpool,Aston Villa,2,1,1
2024-10-26,Man United,West Ham,2,0,1
2024-10-26,Nottingham Forest,Everton,1,0,1
2024-10-26,Tottenham,Fulham,3,1,1
2024-11-02,Bournemouth,Brighton,2,2,0
2024-11-02,Aston Villa,Tottenham,2,1,1
2024-11-02,Crystal Palace,Man United,1,1,0
2024-11-02,Fulham,Liverpool,1,2,2
2024-11-02,Man City,Wolves,4,1,1
2024-11-02,Newcastle,Ipswich,3,0,1
2024-11-02,Southampton,Chelsea,0,2,2
2024-11-02,West Ham,Nottingham Forest,2,1,1
2024-11-02,Everton,Leicester,1,2,2
2024-11-02,Brentford,Arsenal,0,2,2
2024-11-09,Arsenal,Fulham,2,0,1
2024-11-09,Brentford,Leicester,1,1,0
2024-11-09,Chelsea,Man United,2,1,1
2024-11-09,Everton,Aston Villa,1,2,2
2024-11-09,Ipswich,Nottingham Forest,2,1,1
2024-11-09,Liverpool,Southampton,3,0,1
2024-11-09,Man City,Bournemouth,4,0,1
2024-11-09,Newcastle,Brighton,2,2,0
2024-11-09,Tottenham,Crystal Palace,1,0,1
2024-11-09,Wolves,West Ham,2,1,1
2024-11-23,Bournemouth,Tottenham,1,3,2
2024-11-23,Aston Villa,Ipswich,2,0,1
2024-11-23,Brighton,Man City,1,3,2
2024-11-23,Crystal Palace,Everton,1,1,0
2024-11-23,Fulham,Newcastle,0,1,2
2024-11-23,Leicester,Chelsea,1,2,2
2024-11-23,Man United,Wolves,2,0,1
2024-11-23,Nottingham Forest,Brentford,1,2,2
2024-11-23,Southampton,Arsenal,1,1,0
2024-11-23,West Ham,Liverpool,1,3,2
2024-11-30,Arsenal,Everton,3,0,1
2024-11-30,Brentford,West Ham,2,1,1
2024-11-30,Chelsea,Aston Villa,2,2,0
2024-11-30,Ipswich,Leicester,1,1,0
2024-11-30,Liverpool,Man City,1,1,0
2024-11-30,Man United,Newcastle,2,0,1
2024-11-30,Nottingham Forest,Crystal Palace,1,2,2
2024-11-30,Southampton,Brighton,0,1,2
2024-11-30,Tottenham,Bournemouth,4,1,1
2024-11-30,Wolves,Fulham,1,0,1
2024-12-03,Bournemouth,Ipswich,2,1,1
2024-12-03,Aston Villa,Southampton,3,0,1
2024-12-03,Brighton,Tottenham,1,1,0
2024-12-03,Crystal Palace,Wolves,1,0,1
2024-12-04,Everton,Man United,1,2,2
2024-12-04,Fulham,Man City,0,3,2
2024-12-04,Leicester,Brentford,2,2,0
2024-12-04,Newcastle,Arsenal,2,2,0
2024-12-04,West Ham,Chelsea,1,2,2
2024-12-04,Nottingham Forest,Liverpool,0,2,2
2024-12-07,Arsenal,Nottingham Forest,4,0,1
2024-12-07,Brentford,Aston Villa,1,2,2
2024-12-07,Chelsea,Tottenham,2,1,1
2024-12-07,Everton,Fulham,2,0,1
2024-12-07,Ipswich,Man United,1,3,2
2024-12-07,Leicester,West Ham,2,1,1
2024-12-07,Man City,Crystal Palace,3,0,1
2024-12-07,Newcastle,Liverpool,1,2,2
2024-12-07,Southampton,Bournemouth,1,1,0
2024-12-07,Wolves,Brighton,0,0,0
2024-12-14,Bournemouth,Arsenal,1,3,2
2024-12-14,Aston Villa,Wolves,2,0,1
2024-12-14,Brighton,Everton,2,1,1
2024-12-14,Crystal Palace,Southampton,1,0,1
2024-12-14,Fulham,Man United,1,2,2
2024-12-14,Liverpool,Ipswich,4,0,1
2024-12-14,Man City,Leicester,3,1,1
2024-12-14,Nottingham Forest,Newcastle,1,1,0
2024-12-14,Tottenham,Man City,2,2,0
2024-12-14,West Ham,Brentford,2,1,1
2024-12-21,Brentford,Man City,1,3,2
2024-12-21,Everton,Tottenham,1,1,0
2024-12-21,Fulham,Southampton,2,0,1
2024-12-21,Ipswich,Chelsea,1,2,2
2024-12-21,Leicester,Newcastle,1,1,0
2024-12-21,Liverpool,Man United,2,1,1
2024-12-21,Man City,Aston Villa,4,0,1
2024-12-21,Nottingham Forest,West Ham,1,2,2
2024-12-21,Wolves,Bournemouth,2,1,1
2024-12-21,Arsenal,Brighton,2,0,1
2024-12-26,Bournemouth,Crystal Palace,2,1,1
2024-12-26,Arsenal,Ipswich,3,0,1
2024-12-26,Brighton,Brentford,1,1,0
2024-12-26,Chelsea,Fulham,2,0,1
2024-12-26,Liverpool,Leicester,3,1,1
2024-12-26,Man United,Nottingham Forest,2,0,1
2024-12-26,Newcastle,Everton,2,1,1
2024-12-26,Southampton,West Ham,1,2,2
2024-12-26,Tottenham,Wolves,2,1,1
2024-12-26,Aston Villa,Man City,1,3,2
2024-12-29,Brentford,Brighton,2,1,1
2024-12-29,Crystal Palace,Arsenal,1,2,2
2024-12-29,Everton,Newcastle,1,1,0
2024-12-29,Fulham,Chelsea,1,1,0
2024-12-29,Ipswich,Bournemouth,1,2,2
2024-12-29,Leicester,Liverpool,0,2,2
2024-12-29,Man City,Southampton,4,0,1
2024-12-29,Nottingham Forest,Man United,1,2,2
2024-12-29,West Ham,Tottenham,2,2,0
2024-12-29,Wolves,Aston Villa,1,0,1
2025-01-04,Bournemouth,Leicester,2,1,1
2025-01-04,Aston Villa,Brentford,3,1,1
2025-01-04,Brighton,Fulham,2,0,1
2025-01-04,Crystal Palace,Chelsea,1,3,2
2025-01-04,Liverpool,Everton,2,0,1
2025-01-04,Man City,Arsenal,1,1,0
2025-01-04,Man United,Ipswich,3,0,1
2025-01-04,Southampton,Crystal Palace,1,1,0
2025-01-04,Tottenham,Nottingham Forest,2,1,1
2025-01-04,West Ham,Newcastle,2,2,0
2025-01-14,Arsenal,Leicester,2,0,1
2025-01-14,Brentford,Man United,1,2,2
2025-01-14,Chelsea,Southampton,2,0,1
2025-01-14,Everton,Ipswich,2,1,1
2025-01-14,Fulham,Aston Villa,1,2,2
2025-01-15,Ipswich,West Ham,1,1,0
2025-01-15,Leicester,Everton,2,1,1
2025-01-15,Man United,Tottenham,2,2,0
2025-01-15,Newcastle,Brentford,1,0,1
2025-01-15,Wolves,Man City,0,2,2
2025-01-18,Bournemouth,Man City,1,4,2
2025-01-18,Aston Villa,Brighton,2,1,1
2025-01-18,Crystal Palace,Fulham,1,1,0
2025-01-18,Liverpool,Chelsea,2,1,1
2025-01-18,Newcastle,Leicester,2,0,1
2025-01-18,Nottingham Forest,Arsenal,1,2,2
2025-01-18,Southampton,Ipswich,2,1,1
2025-01-18,Tottenham,Man United,1,1,0
2025-01-18,West Ham,Wolves,2,0,1
2025-01-18,Brentford,Nottingham Forest,2,0,1
2025-02-01,Arsenal,Aston Villa,2,0,1
2025-02-01,Brighton,Crystal Palace,2,1,1
2025-02-01,Chelsea,West Ham,3,1,1
2025-02-01,Everton,Bournemouth,1,1,0
2025-02-01,Fulham,Ipswich,2,1,1
2025-02-01,Leicester,Southampton,2,0,1
2025-02-01,Man City,Everton,3,0,1
2025-02-01,Man United,Brighton,2,1,1
2025-02-01,Wolves,Brentford,1,1,0
2025-02-01,Tottenham,Liverpool,1,2,2
2025-02-08,Bournemouth,Fulham,2,1,1
2025-02-08,Aston Villa,Leicester,2,0,1
2025-02-08,Crystal Palace,Tottenham,1,1,0
2025-02-08,Ipswich,Man City,1,3,2
2025-02-08,Liverpool,Arsenal,2,2,0
2025-02-08,Man United,Southampton,3,0,1
2025-02-08,Newcastle,Nottingham Forest,2,0,1
2025-02-08,West Ham,Man United,1,1,0
2025-02-08,Wolves,Everton,2,1,1
2025-02-08,Brentford,Newcastle,1,0,1
2025-02-15,Arsenal,West Ham,3,0,1
2025-02-15,Brighton,Aston Villa,1,1,0
2025-02-15,Chelsea,Bournemouth,2,0,1
2025-02-15,Everton,Liverpool,1,2,2
2025-02-15,Fulham,Brentford,1,1,0
2025-02-15,Leicester,Man United,1,2,2
2025-02-15,Man City,Chelsea,3,1,1
2025-02-15,Nottingham Forest,Ipswich,1,0,1
2025-02-15,Southampton,Wolves,1,1,0
2025-02-15,Tottenham,Arsenal,2,2,0
2025-02-22,Bournemouth,Nottingham Forest,2,1,1
2025-02-22,Aston Villa,Southampton,2,0,1
2025-02-22,Crystal Palace,Man City,0,2,2
2025-02-22,Ipswich,Everton,1,1,0
2025-02-22,Liverpool,Tottenham,3,1,1
2025-02-22,Man United,Leicester,2,0,1
2025-02-22,Newcastle,Chelsea,1,1,0
2025-02-22,West Ham,Fulham,2,1,1
2025-02-22,Wolves,Brighton,1,0,1
2025-02-22,Brentford,Liverpool,1,3,2
2025-03-01,Arsenal,Ipswich,4,0,1
2025-03-01,Brighton,Southampton,2,0,1
2025-03-01,Chelsea,Brentford,2,1,1
2025-03-01,Everton,Man United,1,2,2
2025-03-01,Fulham,Aston Villa,1,2,2
2025-03-01,Leicester,Bournemouth,2,1,1
2025-03-01,Man City,Tottenham,3,1,1
2025-03-01,Newcastle,West Ham,2,2,0
2025-03-01,Nottingham Forest,Crystal Palace,1,1,0
2025-03-01,Wolves,Liverpool,0,2,2
2025-03-08,Bournemouth,Brentford,2,1,1
2025-03-08,Aston Villa,Nottingham Forest,2,0,1
2025-03-08,Crystal Palace,Brighton,1,0,1
2025-03-08,Ipswich,Newcastle,1,1,0
2025-03-08,Liverpool,Man City,1,1,0
2025-03-08,Man United,Everton,2,0,1
2025-03-08,Southampton,Fulham,1,2,2
2025-03-08,Tottenham,Leicester,3,1,1
2025-03-08,West Ham,Arsenal,1,3,2
2025-03-08,Wolves,Chelsea,1,2,2
2025-03-15,Arsenal,Crystal Palace,2,0,1
2025-03-15,Brentford,Ipswich,2,1,1
2025-03-15,Chelsea,Everton,2,0,1
2025-03-15,Fulham,Tottenham,1,2,2
2025-03-15,Leicester,West Ham,2,1,1
2025-03-15,Liverpool,Brighton,3,1,1
2025-03-15,Man City,Newcastle,2,0,1
2025-03-15,Man United,Bournemouth,3,0,1
2025-03-15,Nottingham Forest,Man City,1,3,2
2025-03-15,Wolves,Southampton,2,1,1
2025-04-05,Bournemouth,Wolves,2,1,1
2025-04-05,Aston Villa,Man United,1,1,0
2025-04-05,Brighton,Tottenham,1,2,2
2025-04-05,Crystal Palace,Liverpool,1,2,2
2025-04-05,Everton,Nottingham Forest,1,0,1
2025-04-05,Fulham,Man City,0,3,2
2025-04-05,Ipswich,Brentford,1,1,0
2025-04-05,Leicester,Arsenal,1,2,2
2025-04-05,Southampton,Chelsea,0,2,2
2025-04-05,West Ham,Everton,2,1,1
2025-04-12,Arsenal,Brighton,2,0,1
2025-04-12,Brentford,Bournemouth,2,1,1
2025-04-12,Chelsea,Ipswich,3,0,1
2025-04-12,Everton,Leicester,1,1,0
2025-04-12,Liverpool,Fulham,3,1,1
2025-04-12,Man City,West Ham,4,0,1
2025-04-12,Man United,Crystal Palace,2,0,1
2025-04-12,Nottingham Forest,Wolves,1,1,0
2025-04-12,Southampton,Aston Villa,1,2,2
2025-04-12,Tottenham,Man City,1,2,2
2025-04-19,Bournemouth,Southampton,2,1,1
2025-04-19,Aston Villa,Man United,2,1,1
2025-04-19,Brighton,Chelsea,1,2,2
2025-04-19,Crystal Palace,Brentford,1,1,0
2025-04-19,Fulham,Everton,2,1,1
2025-04-19,Ipswich,Arsenal,1,2,2
2025-04-19,Leicester,Tottenham,1,2,2
2025-04-19,Man City,Brighton,3,0,1
2025-04-19,West Ham,Liverpool,1,2,2
2025-04-19,Wolves,Nottingham Forest,2,0,1
2025-04-26,Arsenal,Man City,1,1,0
2025-04-26,Brentford,Wolves,2,1,1
2025-04-26,Chelsea,Leicester,3,1,1
2025-04-26,Everton,Aston Villa,1,1,0
2025-04-26,Liverpool,West Ham,2,0,1
2025-04-26,Man United,Ipswich,3,0,1
2025-04-26,Newcastle,Fulham,2,1,1
2025-04-26,Nottingham Forest,Southampton,1,1,0
2025-04-26,Tottenham,Everton,2,0,1
2025-04-26,Brighton,Newcastle,1,0,1
2025-05-03,Bournemouth,Man United,1,2,2
2025-05-03,Aston Villa,Chelsea,2,1,1
2025-05-03,Crystal Palace,Ipswich,2,1,1
2025-05-03,Fulham,Brighton,1,1,0
2025-05-03,Leicester,Everton,2,1,1
2025-05-03,Man City,Arsenal,2,1,1
2025-05-03,Southampton,Liverpool,1,3,2
2025-05-03,Tottenham,Brentford,2,1,1
2025-05-03,West Ham,Man City,1,3,2
2025-05-03,Wolves,Newcastle,1,1,0
2025-05-10,Arsenal,Bournemouth,3,0,1
2025-05-10,Brentford,Tottenham,1,2,2
2025-05-10,Brighton,Aston Villa,1,1,0
2025-05-10,Chelsea,Nottingham Forest,2,0,1
2025-05-10,Everton,West Ham,2,1,1
2025-05-10,Ipswich,Wolves,1,1,0
2025-05-10,Liverpool,Man United,2,1,1
2025-05-10,Man City,Fulham,4,0,1
2025-05-10,Newcastle,Southampton,2,0,1
2025-05-10,Leicester,Crystal Palace,1,0,1
2025-05-18,Bournemouth,Leicester,2,1,1
2025-05-18,Aston Villa,Liverpool,2,2,0
2025-05-18,Crystal Palace,Brighton,1,1,0
2025-05-18,Fulham,Ipswich,2,1,1
2025-05-18,Man United,Chelsea,1,1,0
2025-05-18,Nottingham Forest,Everton,1,2,2
2025-05-18,Southampton,Tottenham,1,3,2
2025-05-18,West Ham,Man City,1,3,2
2025-05-18,Wolves,Newcastle,1,1,0
2025-05-18,Arsenal,Everton,3,0,1